Date,Name,Subclass,Price,Division,Retailer
2026-02-20,Gillette Blue II Plus Slalom Disposable Razors 5 Pieces,"Articles for personal hygiene and wellness, esoteric products and beauty products",2.99,MISCELLANEOUS GOODS AND SERVICES,Alphamega
2026-02-20,Dettol Antibacterial Hydrate Liquid Hand Wash Refill with Aloe & Bamboo Fragrance 500 ml,"Articles for personal hygiene and wellness, esoteric products and beauty products",2.85,MISCELLANEOUS GOODS AND SERVICES,Alphamega
2026-02-20,Everyday Hyperdry XL Sanitary Pads 18 Pieces,"Articles for personal hygiene and wellness, esoteric products and beauty products",2.60,MISCELLANEOUS GOODS AND SERVICES,Alphamega
2026-02-20,Listerine Cool Mint Mouthwash 250 ml,"Articles for personal hygiene and wellness, esoteric products and beauty products",3.19,MISCELLANEOUS GOODS AND SERVICES,Alphamega
2026-02-20,Str8 Original After Shave Lotion 100 ml,"Articles for personal hygiene and wellness, esoteric products and beauty products",7.50,MISCELLANEOUS GOODS AND SERVICES,Alphamega
2026-02-20,Sensodyne Complete Protection+ Cool Mint Toothpaste 75 ml,"Articles for personal hygiene and wellness, esoteric products and beauty products",3.49,MISCELLANEOUS GOODS AND SERVICES,Alphamega
2026-02-20,Alphamega Cotton Buds 100 Pieces,"Articles for personal hygiene and wellness, esoteric products and beauty products",0.89,MISCELLANEOUS GOODS AND SERVICES,Alphamega
2026-02-20,Dove Shower Gel Hydrate 720 ml,"Articles for personal hygiene and wellness, esoteric products and beauty products",3.79,MISCELLANEOUS GOODS AND SERVICES,Alphamega
2026-02-20,Gillette Original Scent Shaving Foam 200 ml,"Articles for personal hygiene and wellness, esoteric products and beauty products",1.75,MISCELLANEOUS GOODS AND SERVICES,Alphamega
2026-02-20,Nivea Men Deodorant Spray Dry Impact 150 ml,"Articles for personal hygiene and wellness, esoteric products and beauty products",2.95,MISCELLANEOUS GOODS AND SERVICES,Alphamega
2026-02-20,Neutro Roberts Roll on Deodorant Extra Delicate 50 ml,"Articles for personal hygiene and wellness, esoteric products and beauty products",2.10,MISCELLANEOUS GOODS AND SERVICES,Alphamega
2026-02-20,Alphamega Toilet Paper 2Ply 24 Rolls,"Articles for personal hygiene and wellness, esoteric products and beauty products",5.49,MISCELLANEOUS GOODS AND SERVICES,Alphamega
2026-02-20,Elite White Single-Ply Paper Napkins 33x33 cm 100 Pieces,"Articles for personal hygiene and wellness, esoteric products and beauty products",1.10,MISCELLANEOUS GOODS AND SERVICES,Alphamega
2026-02-20,Alphamega Toilet Paper Premium Quality 10 rolls,"Articles for personal hygiene and wellness, esoteric products and beauty products",3.99,MISCELLANEOUS GOODS AND SERVICES,Alphamega
2026-02-20,Kleenex Premium Toilet Paper Cream 12 Pieces,"Articles for personal hygiene and wellness, esoteric products and beauty products",10.99,MISCELLANEOUS GOODS AND SERVICES,Alphamega
2026-02-20,Kleenex Premium Toilet Paper White 12 Pieces,"Articles for personal hygiene and wellness, esoteric products and beauty products",10.99,MISCELLANEOUS GOODS AND SERVICES,Alphamega
2026-02-20,Kleenex Scottonelle Toilet Paper 32 Pieces,"Articles for personal hygiene and wellness, esoteric products and beauty products",13.99,MISCELLANEOUS GOODS AND SERVICES,Alphamega
2026-02-20,Always Platinum Day & Night Sanitary Pads 12 Pieces,"Articles for personal hygiene and wellness, esoteric products and beauty products",2.15,MISCELLANEOUS GOODS AND SERVICES,Alphamega
2026-02-20,Always Ultra Day Super Sanitary Pads 36 Pieces,"Articles for personal hygiene and wellness, esoteric products and beauty products",3.79,MISCELLANEOUS GOODS AND SERVICES,Alphamega
2026-02-20,Always Ultra Day Normal Sanitary Pads 20 Pieces,"Articles for personal hygiene and wellness, esoteric products and beauty products",2.29,MISCELLANEOUS GOODS AND SERVICES,Alphamega
2026-02-20,EveryDay Hyperdry XL Sanitary Pads 18 Pieces,"Articles for personal hygiene and wellness, esoteric products and beauty products",2.60,MISCELLANEOUS GOODS AND SERVICES,Alphamega
2026-02-20,Yiotis Sweet & Balance Tabletop Sweetener 80 g,Artificial sugar substitutes,4.45,FOOD AND NON-ALCOHOLIC BEVERAGES,Alphamega
2026-02-20,Canderel with Stevia 40 g,Artificial sugar substitutes,4.59,FOOD AND NON-ALCOHOLIC BEVERAGES,Alphamega
2026-02-20,Canderel Sweetener 150 Tablets 12.75 g,Artificial sugar substitutes,2.69,FOOD AND NON-ALCOHOLIC BEVERAGES,Alphamega
2026-02-20,Nounou Baby Cream Farine Lactee from 6+ Months 300 g,Baby food,3.59,FOOD AND NON-ALCOHOLIC BEVERAGES,Alphamega
2026-02-20,Nounou Frisogrow Baby Milk Drink Powder 1-3 Years No3 400 g,Baby food,10.75,FOOD AND NON-ALCOHOLIC BEVERAGES,Alphamega
2026-02-20,Hipp Organic Baby Milk Cereal With Fine Fruits. From the 6th month 250 g,Baby food,4.95,FOOD AND NON-ALCOHOLIC BEVERAGES,Alphamega
2026-02-20,Hipp Organic Baby Cereal 100% Rice Without Milk. From 4 Months 200 g,Baby food,3.95,FOOD AND NON-ALCOHOLIC BEVERAGES,Alphamega
2026-02-20,Hipp Organic Baby Cereal 100% Multi Grain Without Milk. From the 6th month 200 g,Baby food,3.95,FOOD AND NON-ALCOHOLIC BEVERAGES,Alphamega
2026-02-20,Nounou Vanilla Cream With Rice Flour And Milk 350 g,Baby food,5.79,FOOD AND NON-ALCOHOLIC BEVERAGES,Alphamega
2026-02-20,Nestle Farine Lacte 6+ Months 300 g,Baby food,2.99,FOOD AND NON-ALCOHOLIC BEVERAGES,Alphamega
2026-02-20,Nounou Frisogrow Baby Formula Milk Powder No.4 Plus 3+ 800 g,Baby food,19.95,FOOD AND NON-ALCOHOLIC BEVERAGES,Alphamega
2026-02-20,S-26 Gold Progress Baby And Toddler Milk Powder No.3 400 g,Baby food,9.69,FOOD AND NON-ALCOHOLIC BEVERAGES,Alphamega
2026-02-20,Nestle Nan Optipro Baby Formula Milk Powder No4 400 g,Baby food,9.95,FOOD AND NON-ALCOHOLIC BEVERAGES,Alphamega
2026-02-20,Nounou 7 Cereal Cream with Banana & Milk from 6+ Months 300 g,Baby food,5.99,FOOD AND NON-ALCOHOLIC BEVERAGES,Alphamega
2026-02-20,Nounou Frisogrow Baby Milk Drink Powder 1-3 Years No3 400 g,Baby food,10.75,FOOD AND NON-ALCOHOLIC BEVERAGES,Alphamega
2026-02-20,Nounou Frisogrow Baby Formula Milk Powder No.4 Plus 3+ 800 g,Baby food,19.95,FOOD AND NON-ALCOHOLIC BEVERAGES,Alphamega
2026-02-20,Nounou Frisolac Baby Formula Milk Powder 6+ Months No.1 400 g,Baby food,12.50,FOOD AND NON-ALCOHOLIC BEVERAGES,Alphamega
2026-02-20,Nounou Frisomel Baby Formula Milk Powder No2 6+ Months 800 g,Baby food,19.95,FOOD AND NON-ALCOHOLIC BEVERAGES,Alphamega
2026-02-20,Alphamega Fresh To Go Young Bull Chuck Holland 800 g,Beef and veal,13.59,FOOD AND NON-ALCOHOLIC BEVERAGES,Alphamega
2026-02-20,Alphamega Fresh To Go Beef Mince Holland 800 g,Beef and veal,13.59,FOOD AND NON-ALCOHOLIC BEVERAGES,Alphamega
2026-02-20,Alphamega Black Angus Beef Burgers 2x200 g,Beef and veal,8.20,FOOD AND NON-ALCOHOLIC BEVERAGES,Alphamega
2026-02-20,Alphamega White Sliced Bread 900 g,Bread,1.95,FOOD AND NON-ALCOHOLIC BEVERAGES,Alphamega
2026-02-20,Alphamega White Bread 500 g,Bread,1.35,FOOD AND NON-ALCOHOLIC BEVERAGES,Alphamega
2026-02-20,Alphamega Whole Meal Bread 500 g,Bread,1.45,FOOD AND NON-ALCOHOLIC BEVERAGES,Alphamega
2026-02-20,Alphamega Wholemeal Bread 850 g,Bread,1.89,FOOD AND NON-ALCOHOLIC BEVERAGES,Alphamega
2026-02-20,Alphamega White Village Bread 850 g,Bread,1.69,FOOD AND NON-ALCOHOLIC BEVERAGES,Alphamega
2026-02-20,Alphamega White Sliced Bread 500 g,Bread,1.49,FOOD AND NON-ALCOHOLIC BEVERAGES,Alphamega
2026-02-20,Kellogg's Special K Cereal 700 g,Breakfast cereals,4.99,FOOD AND NON-ALCOHOLIC BEVERAGES,Alphamega
2026-02-20,Kellogg's Coco Pops Cereal 480 g,Breakfast cereals,3.99,FOOD AND NON-ALCOHOLIC BEVERAGES,Alphamega
2026-02-20,Kellogg's Coco Pops Chocos Cereal 330 g,Breakfast cereals,2.99,FOOD AND NON-ALCOHOLIC BEVERAGES,Alphamega
2026-02-20,Kellogg's Corn Flakes Cereal 500 g,Breakfast cereals,3.49,FOOD AND NON-ALCOHOLIC BEVERAGES,Alphamega
2026-02-20,Kellogg’s Miel Pops Loops Cereals With Honey 330 g,Breakfast cereals,3.59,FOOD AND NON-ALCOHOLIC BEVERAGES,Alphamega
2026-02-20,Oreo O's Cereals 350 g,Breakfast cereals,4.39,FOOD AND NON-ALCOHOLIC BEVERAGES,Alphamega
2026-02-20,Quaker Cereal Clusters with Oat & Chocolate 450 g,Breakfast cereals,3.49,FOOD AND NON-ALCOHOLIC BEVERAGES,Alphamega
2026-02-20,Quaker Wholegrain Rolled Oats 500 g,Breakfast cereals,1.99,FOOD AND NON-ALCOHOLIC BEVERAGES,Alphamega
2026-02-20,Lurpak Unsalted Butter 250 g,Butter,4.15,FOOD AND NON-ALCOHOLIC BEVERAGES,Alphamega
2026-02-20,Lurpak Slightly Salted Butter 250 g,Butter,4.15,FOOD AND NON-ALCOHOLIC BEVERAGES,Alphamega
2026-02-20,Kerrygold Pure Irish Unsalted Butter 250 g,Butter,3.95,FOOD AND NON-ALCOHOLIC BEVERAGES,Alphamega
2026-02-20,Kerrygold Pure Irish Salted Butter 250 g,Butter,3.95,FOOD AND NON-ALCOHOLIC BEVERAGES,Alphamega
2026-02-20,Alambra Traditional Goat's Halloumi P.D.O 600 g,Cheese and curd,8.70,FOOD AND NON-ALCOHOLIC BEVERAGES,Alphamega
2026-02-20,Charalambides Christis Pissourkotiko Goat & Sheep's Milk Halloumi P.D.O 250 g,Cheese and curd,4.11,FOOD AND NON-ALCOHOLIC BEVERAGES,Alphamega
2026-02-20,Keses Goat & Sheep Village Halloumi P.D.O 300 g,Cheese and curd,4.76,FOOD AND NON-ALCOHOLIC BEVERAGES,Alphamega
2026-02-20,Alambra Cottage Cheese 4% Fat 200 g,Cheese and curd,1.45,FOOD AND NON-ALCOHOLIC BEVERAGES,Alphamega
2026-02-20,Dirollo Cottage Cheese 225 g,Cheese and curd,2.59,FOOD AND NON-ALCOHOLIC BEVERAGES,Alphamega
2026-02-20,Charalambides Christis Feta P.O.P 200 g,Cheese and curd,2.49,FOOD AND NON-ALCOHOLIC BEVERAGES,Alphamega
2026-02-20,Dodoni Feta in Brine 400 g,Cheese and curd,5.85,FOOD AND NON-ALCOHOLIC BEVERAGES,Alphamega
2026-02-20,La Vache Qui Rit Original 8 Spreadable Cheeses 128 g,Cheese and curd,2.49,FOOD AND NON-ALCOHOLIC BEVERAGES,Alphamega
2026-02-20,Philadelphia Original Cream Cheese 200 g,Cheese and curd,2.45,FOOD AND NON-ALCOHOLIC BEVERAGES,Alphamega
2026-02-20,Philadelphia Spreadable Light Cream Cheese 200 g,Cheese and curd,2.45,FOOD AND NON-ALCOHOLIC BEVERAGES,Alphamega
2026-02-20,Vepo Edam Cheese Slices 200 g,Cheese and curd,2.49,FOOD AND NON-ALCOHOLIC BEVERAGES,Alphamega
2026-02-20,Vepo Gouda Cheese Slices 200 g,Cheese and curd,2.49,FOOD AND NON-ALCOHOLIC BEVERAGES,Alphamega
2026-02-20,Valio Edam Cheese Slices Light 17% Fat Lactose Free 2x200 g,Cheese and curd,5.79,FOOD AND NON-ALCOHOLIC BEVERAGES,Alphamega
2026-02-20,Bakandys Couverture Dark Chocolate Drops 300 g,Chocolate,2.50,FOOD AND NON-ALCOHOLIC BEVERAGES,Alphamega
2026-02-20,Paris White Chocolate Couverture 140 g,Chocolate,1.45,FOOD AND NON-ALCOHOLIC BEVERAGES,Alphamega
2026-02-20,Comfort Gold Blueberries & Purple Orchid Fabric Softener 4 L,Cleaning and maintenance products,5.49,"FURNISHING, HOUSEHOLD EQUIPMENT AND SUPPLIES",Alphamega
2026-02-20,Comfort Gold Wild Orchid & Sandalwood Fabric Softener 4 L,Cleaning and maintenance products,5.49,"FURNISHING, HOUSEHOLD EQUIPMENT AND SUPPLIES",Alphamega
2026-02-20,Comfort Classic Pure Soft Fabric Softenener 2 L,Cleaning and maintenance products,2.99,"FURNISHING, HOUSEHOLD EQUIPMENT AND SUPPLIES",Alphamega
2026-02-20,Ariel Color Liquid Detergent Alpine 50 Washes 2750 ml,Cleaning and maintenance products,10.49,"FURNISHING, HOUSEHOLD EQUIPMENT AND SUPPLIES ",Alphamega
2026-02-20,Dixan Fabric Detergent Powder Ocean Fresh 2.2 kg 44 washes,Cleaning and maintenance products,8.35,"FURNISHING, HOUSEHOLD EQUIPMENT AND SUPPLIES ",Alphamega
2026-02-20,Dixan Fabric Detergent Liquid Multicolor 2.16 L 48 washes,Cleaning and maintenance products,6.95,"FURNISHING, HOUSEHOLD EQUIPMENT AND SUPPLIES",Alphamega
2026-02-20,Eureka Massalias Classic Liquid Fabric Detergent 57 Washes 2.592 L,Cleaning and maintenance products,6.10,"FURNISHING, HOUSEHOLD EQUIPMENT AND SUPPLIES",Alphamega
2026-02-20,Eureka Massalias Ylang-Ylang & Lavender Liquid Fabric Detergent 57 Washes 2.592 L,Cleaning and maintenance products,6.10,"FURNISHING, HOUSEHOLD EQUIPMENT AND SUPPLIES",Alphamega
2026-02-20,Eureka ActiveCare Liquid Fabric Detergent XXL Pack 70 Washes 3.5 L,Cleaning and maintenance products,6.75,"FURNISHING, HOUSEHOLD EQUIPMENT AND SUPPLIES",Alphamega
2026-02-20,Eureka Dishwashing Liquid with Lemon 750 ml,Cleaning and maintenance products,1.29,"FURNISHING, HOUSEHOLD EQUIPMENT AND SUPPLIES",Alphamega
2026-02-20,Fairy Ultra Original Dishwashing Liquid 900 ml,Cleaning and maintenance products,3.29,"FURNISHING, HOUSEHOLD EQUIPMENT AND SUPPLIES ",Alphamega
2026-02-20,Cif Cleanboost Classic Cleaning Cream for General Purposes 500 ml,Cleaning and maintenance products,1.99,"FURNISHING, HOUSEHOLD EQUIPMENT AND SUPPLIES ",Alphamega
2026-02-20,Roklin Antibacterial Multi Surface Cleaner Ocean 1 L,Cleaning and maintenance products,2.25,"FURNISHING, HOUSEHOLD EQUIPMENT AND SUPPLIES",Alphamega
2026-02-20,Klinex All Purpose Cleaner Spray 750 ml,Cleaning and maintenance products,3.19,"FURNISHING, HOUSEHOLD EQUIPMENT AND SUPPLIES ",Alphamega
2026-02-20,Ajax 4in1 for Multi-Purpose Cleaner 500 ml,Cleaning and maintenance products,2.59,"FURNISHING, HOUSEHOLD EQUIPMENT AND SUPPLIES ",Alphamega
2026-02-20,Dettol Antibacterial Multi-Purpose Spray Cleaner Lime & Mint 500 ml,Cleaning and maintenance products,2.59,"FURNISHING, HOUSEHOLD EQUIPMENT AND SUPPLIES ",Alphamega
2026-02-20,Pyrsos Charcoal 5 kg,Coal,6.45,"HOUSING, WATER, ELECTRICITY, GAS AND OTHER FUELS",Alphamega
2026-02-20,Etosha Charcoal 5 Kg,Coal,5.35,"HOUSING, WATER, ELECTRICITY, GAS AND OTHER FUELS",Alphamega
2026-02-20,Cadbury Cocoa 125 g,Cocoa and powdered chocolate,2.75,FOOD AND NON-ALCOHOLIC BEVERAGES,Alphamega
2026-02-20,Cadbury Hot Chocolate 500 g,Cocoa and powdered chocolate,4.65,FOOD AND NON-ALCOHOLIC BEVERAGES,Alphamega
2026-02-20,Jolly Cocoa Powder 100 g,Cocoa and powdered chocolate,2.29,FOOD AND NON-ALCOHOLIC BEVERAGES,Alphamega
2026-02-20,Cadbury Cocoa 125 g,Cocoa and powdered chocolate,2.75,FOOD AND NON-ALCOHOLIC BEVERAGES,Alphamega
2026-02-20,Nescafe Classic Decaf Instant Coffee 100 g,Coffee,5.59,FOOD AND NON-ALCOHOLIC BEVERAGES,Alphamega
2026-02-20,Nescafe Classic Instant Coffee 100 g,Coffee,4.35,FOOD AND NON-ALCOHOLIC BEVERAGES,Alphamega
2026-02-20,Nescafe Classic Instant Coffee 200 g,Coffee,6.99,FOOD AND NON-ALCOHOLIC BEVERAGES,Alphamega
2026-02-20,Nescafe Azera Freddo Espresso 100 g,Coffee,7.49,FOOD AND NON-ALCOHOLIC BEVERAGES,Alphamega
2026-02-20,Nescafe Gold Instant Coffee 95 g,Coffee,4.59,FOOD AND NON-ALCOHOLIC BEVERAGES,Alphamega
2026-02-20,Nescafe Gold Instant Coffee 190 g,Coffee,6.99,FOOD AND NON-ALCOHOLIC BEVERAGES,Alphamega
2026-02-20,Jacobs Monarch Instant Coffee 190 g,Coffee,6.85,FOOD AND NON-ALCOHOLIC BEVERAGES,Alphamega
2026-02-20,Jacobs Instant Decaf Coffee 100 g,Coffee,5.95,FOOD AND NON-ALCOHOLIC BEVERAGES,Alphamega
2026-02-20,G.Charalambous Classic Coffee 200 g,Coffee,3.60,FOOD AND NON-ALCOHOLIC BEVERAGES,Alphamega
2026-02-20,G. Charalambous Silver Cypriot Coffee 200 g,Coffee,3.80,FOOD AND NON-ALCOHOLIC BEVERAGES,Alphamega
2026-02-20,Laikos Gold Traditional Greek Coffee 500 g,Coffee,8.99,FOOD AND NON-ALCOHOLIC BEVERAGES,Alphamega
2026-02-20,Laikos Gold Traditional Greek Coffee 200 g,Coffee,3.29,FOOD AND NON-ALCOHOLIC BEVERAGES,Alphamega
2026-02-20,3A Maize Starch 500 g,Confectionery products,1.59,FOOD AND NON-ALCOHOLIC BEVERAGES,Alphamega
2026-02-20,Royal Baking Powder 113 g,Confectionery products,1.45,FOOD AND NON-ALCOHOLIC BEVERAGES,Alphamega
2026-02-20,Natural Life Baking Soda (Sodium Bicarbonate) 120 g,Confectionery products,0.99,FOOD AND NON-ALCOHOLIC BEVERAGES,Alphamega
2026-02-20,Carltona Carltona Corn Flour 450 g,Confectionery products,2.25,FOOD AND NON-ALCOHOLIC BEVERAGES,Alphamega
2026-02-20,Spry Pure Vegetable Shortening 350 g,Confectionery products,2.39,FOOD AND NON-ALCOHOLIC BEVERAGES,Alphamega
2026-02-20,Amalia Water with Bitter Orange Flavour 500 ml,Confectionery products,0.79,FOOD AND NON-ALCOHOLIC BEVERAGES,Alphamega
2026-02-20,Yiotis Instant Yeast 3x8 g,Confectionery products,0.99,FOOD AND NON-ALCOHOLIC BEVERAGES,Alphamega
2026-02-20,Amalia Ground Coconut 250 g,Confectionery products,0.89,FOOD AND NON-ALCOHOLIC BEVERAGES,Alphamega
2026-02-20,Johnsof Ladyfingers 200 g,Confectionery products,1.39,FOOD AND NON-ALCOHOLIC BEVERAGES,Alphamega
2026-02-20,Agros Distilled Rose Petals 500 ml,Confectionery products,5.35,FOOD AND NON-ALCOHOLIC BEVERAGES,Alphamega
2026-02-20,G.Charalambous Cheese Puffs 10x22 g,Crisps,2.35,FOOD AND NON-ALCOHOLIC BEVERAGES,Alphamega
2026-02-20,Lay's Potato Chips with Salt & Vinegar Flavour 160 g,Crisps,2.10,FOOD AND NON-ALCOHOLIC BEVERAGES,Alphamega
2026-02-20,Lay's Potato Chips with Salt 160 g,Crisps,2.10,FOOD AND NON-ALCOHOLIC BEVERAGES,Alphamega
2026-02-20,Serano Roasted Blanched Peanuts 175 g,Dried fruit and nuts,1.90,FOOD AND NON-ALCOHOLIC BEVERAGES,Alphamega
2026-02-20,Serano Roasted Cashew Nuts 200 g,Dried fruit and nuts,4.19,FOOD AND NON-ALCOHOLIC BEVERAGES,Alphamega
2026-02-20,Serano Raisins 300 g,Dried fruit and nuts,1.79,FOOD AND NON-ALCOHOLIC BEVERAGES,Alphamega
2026-02-20,Serano Snacking Good Dried Cranberries No Added Sugar 200 g,Dried fruit and nuts,3.49,FOOD AND NON-ALCOHOLIC BEVERAGES,Alphamega
2026-02-20,Amalia Almonds 140 g,Dried fruit and nuts,2.59,FOOD AND NON-ALCOHOLIC BEVERAGES,Alphamega
2026-02-20,Amalia Walnuts 140 g,Dried fruit and nuts,2.79,FOOD AND NON-ALCOHOLIC BEVERAGES,Alphamega
2026-02-20,Amalia Raisins 350 g,Dried fruit and nuts,2.19,FOOD AND NON-ALCOHOLIC BEVERAGES,Alphamega
2026-02-20,Livadioti Roasted Almonds Unsalted 120 g,Dried fruit and nuts,2.15,FOOD AND NON-ALCOHOLIC BEVERAGES,Alphamega
2026-02-20,Livadioti Raw Walnuts 140 g,Dried fruit and nuts,2.99,FOOD AND NON-ALCOHOLIC BEVERAGES,Alphamega
2026-02-20,Livadioti Dried Figs 300 g,Dried fruit and nuts,5.69,FOOD AND NON-ALCOHOLIC BEVERAGES,Alphamega
2026-02-20,Livadioti Dried Prunes 250 g,Dried fruit and nuts,3.39,FOOD AND NON-ALCOHOLIC BEVERAGES,Alphamega
2026-02-20,Alphamega Sweet Corn 340 g,"Dried vegetables, other preserved or processed vegetables",1.09,FOOD AND NON-ALCOHOLIC BEVERAGES,Alphamega
2026-02-20,Campagna White Beans 400 g,"Dried vegetables, other preserved or processed vegetables",1.09,FOOD AND NON-ALCOHOLIC BEVERAGES,Alphamega
2026-02-20,Campagna Red Kidney Beans 400 g,"Dried vegetables, other preserved or processed vegetables",1.29,FOOD AND NON-ALCOHOLIC BEVERAGES,Alphamega
2026-02-20,Campagna Chick Peas 400 g,"Dried vegetables, other preserved or processed vegetables",0.99,FOOD AND NON-ALCOHOLIC BEVERAGES,Alphamega
2026-02-20,Alphamega Sliced Mushrooms 400 g,"Dried vegetables, other preserved or processed vegetables",1.49,FOOD AND NON-ALCOHOLIC BEVERAGES,Alphamega
2026-02-20,Grigoriou Smoked Turkey Sliced 200 g,"Dried, salted or smoked meat",3.65,FOOD AND NON-ALCOHOLIC BEVERAGES,Alphamega
2026-02-20,Chrysodalia Ham Leg in Slices 300 g,"Dried, salted or smoked meat",2.65,FOOD AND NON-ALCOHOLIC BEVERAGES,Alphamega
2026-02-20,Alphamega Salami Extra 300 g,"Dried, salted or smoked meat",2.19,FOOD AND NON-ALCOHOLIC BEVERAGES,Alphamega
2026-02-20,Chrysodalia Smoked Pork Loin in Slices 150 g,"Dried, salted or smoked meat",2.25,FOOD AND NON-ALCOHOLIC BEVERAGES,Alphamega
2026-02-20,Chrysodalia Smoked Pork Loin 300 g,"Dried, salted or smoked meat",3.75,FOOD AND NON-ALCOHOLIC BEVERAGES,Alphamega
2026-02-20,Alphamega Smoked Turkey Fillet 200 g,"Dried, salted or smoked meat",3.19,FOOD AND NON-ALCOHOLIC BEVERAGES,Alphamega
2026-02-20,Grigoriou Streaky Bacon Sliced 150 g,"Dried, salted or smoked meat",2.19,FOOD AND NON-ALCOHOLIC BEVERAGES,Alphamega
2026-02-20,Chameau Anchovies Flat Fillets in Sunflower Oil 50 g,"Dried, smoked or salted fish and seafood",1.35,FOOD AND NON-ALCOHOLIC BEVERAGES,Alphamega
2026-02-20,Chameau Sardines in Olive Oil 125 g,"Dried, smoked or salted fish and seafood",1.43,FOOD AND NON-ALCOHOLIC BEVERAGES,Alphamega
2026-02-20,Trata Smoked Herring Fillet In Vegetable Oil 150 g,"Dried, smoked or salted fish and seafood",2.19,FOOD AND NON-ALCOHOLIC BEVERAGES,Alphamega
2026-02-20,Flokos Mackerel Fillet Smoked in Vegetable Oil 150 g,"Dried, smoked or salted fish and seafood",2.99,FOOD AND NON-ALCOHOLIC BEVERAGES,Alphamega
2026-02-20,Papafilipou Chocolate Ice Cream 850 ml,Edible ices and ice cream,7.30,FOOD AND NON-ALCOHOLIC BEVERAGES,Alphamega
2026-02-20,Regis Choc Ice Cream 6x75 ml,Edible ices and ice cream,3.29,FOOD AND NON-ALCOHOLIC BEVERAGES,Alphamega
2026-02-20,Party Ice Ice Cubes 3 kg,Edible ices and ice cream,2.25,FOOD AND NON-ALCOHOLIC BEVERAGES,Alphamega
2026-02-20,Party Ice Ice Cubes 1.2 kg,Edible ices and ice cream,1.65,FOOD AND NON-ALCOHOLIC BEVERAGES,Alphamega
2026-02-20,Nikiforou Fresh Eggs Medium Size 12 Pieces,Eggs,3.75,FOOD AND NON-ALCOHOLIC BEVERAGES,Alphamega
2026-02-20,Nikiforou Fresh Eggs Large Size 12 Pieces,Eggs,3.99,FOOD AND NON-ALCOHOLIC BEVERAGES,Alphamega
2026-02-20,"Alphamega Farina Flour ""00"" 1 kg",Flours and other cereals,1.19,FOOD AND NON-ALCOHOLIC BEVERAGES,Alphamega
2026-02-20,Alphamega Village Flour 1 kg,Flours and other cereals,1.19,FOOD AND NON-ALCOHOLIC BEVERAGES,Alphamega
2026-02-20,Mitsides All-purpose Flour 1 kg,Flours and other cereals,1.25,FOOD AND NON-ALCOHOLIC BEVERAGES,Alphamega
2026-02-20,"Mitsides Plain Flour ""00"" 1 kg",Flours and other cereals,1.29,FOOD AND NON-ALCOHOLIC BEVERAGES,Alphamega
2026-02-20,Mitsides Self-Raising Flour 1 kg,Flours and other cereals,1.65,FOOD AND NON-ALCOHOLIC BEVERAGES,Alphamega
2026-02-20,Mitsides Traditional Flour 1 kg,Flours and other cereals,1.39,FOOD AND NON-ALCOHOLIC BEVERAGES,Alphamega
2026-02-20,Edesma Whole Cleaned Octopus 1300 g,Fresh or chilled fish,20.15,FOOD AND NON-ALCOHOLIC BEVERAGES,Alphamega
2026-02-20,Edesma Whole Cleaned Squid 800 g,Fresh or chilled fish,6.36,FOOD AND NON-ALCOHOLIC BEVERAGES,Alphamega
2026-02-20,Levantina Fish Sea Bream Scaled and Gutted 700 g,Fresh or chilled fish,8.37,FOOD AND NON-ALCOHOLIC BEVERAGES,Alphamega
2026-02-20,Edesma Whole Cuttlefish 800 g,Fresh or chilled fish,6.39,FOOD AND NON-ALCOHOLIC BEVERAGES,Alphamega
2026-02-20,Merlin Oranges 1.2 kg,Fresh or chilled fruit,3.54,FOOD AND NON-ALCOHOLIC BEVERAGES,Alphamega
2026-02-20,Chiquita Bananas 1 kg,Fresh or chilled fruit,2.19,FOOD AND NON-ALCOHOLIC BEVERAGES,Alphamega
2026-02-20,Local Bananas 800 g,Fresh or chilled fruit,1.27,FOOD AND NON-ALCOHOLIC BEVERAGES,Alphamega
2026-02-20,Imported Kiwis 1 kg,Fresh or chilled fruit,3.89,FOOD AND NON-ALCOHOLIC BEVERAGES,Alphamega
2026-02-20,Granny Smith Prepacked Green Apples 800 g,Fresh or chilled fruit,2.43,FOOD AND NON-ALCOHOLIC BEVERAGES,Alphamega
2026-02-20,Prepacked Red Apples 800 g,Fresh or chilled fruit,2.43,FOOD AND NON-ALCOHOLIC BEVERAGES,Alphamega
2026-02-20,Prepacked Yellow Apples 800 g,Fresh or chilled fruit,2.43,FOOD AND NON-ALCOHOLIC BEVERAGES,Alphamega
2026-02-20,Pink Lady Apples 1200 g,Fresh or chilled fruit,4.79,FOOD AND NON-ALCOHOLIC BEVERAGES,Alphamega
2026-02-20,Sodia Frozen Strawberries 500 g,Fresh or chilled fruit,3.09,FOOD AND NON-ALCOHOLIC BEVERAGES,Alphamega
2026-02-20,Casino Frozen Red Berry Mix 500 g,Fresh or chilled fruit,3.99,FOOD AND NON-ALCOHOLIC BEVERAGES,Alphamega
2026-02-20,Taro 1.5 kg,Fresh or chilled vegetables other than potatoes and other tubers,5.03,FOOD AND NON-ALCOHOLIC BEVERAGES,Alphamega
2026-02-20,Prepacked Tomatoes 1100 g,Fresh or chilled vegetables other than potatoes and other tubers,2.52,FOOD AND NON-ALCOHOLIC BEVERAGES,Alphamega
2026-02-20,Lemons 1 kg,Fresh or chilled vegetables other than potatoes and other tubers,0.99,FOOD AND NON-ALCOHOLIC BEVERAGES,Alphamega
2026-02-20,Prepacked Carrots 750 g,Fresh or chilled vegetables other than potatoes and other tubers,1.57,FOOD AND NON-ALCOHOLIC BEVERAGES,Alphamega
2026-02-20,Sweet Potatoes 1 kg,Fresh or chilled vegetables other than potatoes and other tubers,3.39,FOOD AND NON-ALCOHOLIC BEVERAGES,Alphamega
2026-02-20,Prepacked Village Cucumbers 800 g,Fresh or chilled vegetables other than potatoes and other tubers,4.23,FOOD AND NON-ALCOHOLIC BEVERAGES,Alphamega
2026-02-20,Prepacked Greenhouse Cucumbers 700 g,Fresh or chilled vegetables other than potatoes and other tubers,2.86,FOOD AND NON-ALCOHOLIC BEVERAGES,Alphamega
2026-02-20,Barba Stathis Frozen Round Green Beans 420 g,Fresh or chilled vegetables other than potatoes and other tubers,2.19,FOOD AND NON-ALCOHOLIC BEVERAGES,Alphamega
2026-02-20,Local Avocado 700 g,Fresh or chilled vegetables other than potatoes and other tubers,2.09,FOOD AND NON-ALCOHOLIC BEVERAGES,Alphamega
2026-02-20,Dry Onions 1 kg,Fresh or chilled vegetables other than potatoes and other tubers,0.99,FOOD AND NON-ALCOHOLIC BEVERAGES,Alphamega
2026-02-20,Broccoli 1100 g,Fresh or chilled vegetables other than potatoes and other tubers,0.87,FOOD AND NON-ALCOHOLIC BEVERAGES,Alphamega
2026-02-20,Prepacked Colored Peppers 700 g,Fresh or chilled vegetables other than potatoes and other tubers,3.49,FOOD AND NON-ALCOHOLIC BEVERAGES,Alphamega
2026-02-20,Imported Ice Berg Lettuce Per Piece,Fresh or chilled vegetables other than potatoes and other tubers,3.59,FOOD AND NON-ALCOHOLIC BEVERAGES,Alphamega
2026-02-20,Cauliflower 1300 g,Fresh or chilled vegetables other than potatoes and other tubers,1.03,FOOD AND NON-ALCOHOLIC BEVERAGES,Alphamega
2026-02-20,Birds Eye 14 Fish Fingers 350 g,Frozen fish,6.45,FOOD AND NON-ALCOHOLIC BEVERAGES,Alphamega
2026-02-20,Qualifood Red Fish Fillet 700 g,Frozen fish,5.99,FOOD AND NON-ALCOHOLIC BEVERAGES,Alphamega
2026-02-20,Qualifood Pangasius Fillet 800 g,Frozen fish,4.39,FOOD AND NON-ALCOHOLIC BEVERAGES,Alphamega
2026-02-20,Qualifood Salmon Fillet With Skin 4x125 g,Frozen fish,11.99,FOOD AND NON-ALCOHOLIC BEVERAGES,Alphamega
2026-02-20,Edesma Squid Rings 700 g,Frozen seafood,7.25,FOOD AND NON-ALCOHOLIC BEVERAGES,Alphamega
2026-02-20,Qualifood Black Tiger Shrimps 31/40 700 g,Frozen seafood,8.60,FOOD AND NON-ALCOHOLIC BEVERAGES,Alphamega
2026-02-20,Edesma Crab Flavoured Sticks 250 g,Frozen seafood,1.75,FOOD AND NON-ALCOHOLIC BEVERAGES,Alphamega
2026-02-20,Qualifood Squid Rings 700 g,Frozen seafood,6.99,FOOD AND NON-ALCOHOLIC BEVERAGES,Alphamega
2026-02-20,Birds Eye 4 Battered Cod Fillets 440 g,Frozen seafood,9.95,FOOD AND NON-ALCOHOLIC BEVERAGES,Alphamega
2026-02-20,Barba Stathis Brussels Sprouts 450 g,Frozen vegetables other than potatoes and other tubers,2.65,FOOD AND NON-ALCOHOLIC BEVERAGES,Alphamega
2026-02-20,Green Isle Country Mix Vegetables 700 g,Frozen vegetables other than potatoes and other tubers,2.59,FOOD AND NON-ALCOHOLIC BEVERAGES,Alphamega
2026-02-20,Barba Stathis Frozen Mixed Vegetable Salad 450 g,Frozen vegetables other than potatoes and other tubers,2.15,FOOD AND NON-ALCOHOLIC BEVERAGES,Alphamega
2026-02-20,Barba Stathis Frozen Peas 420 g,Frozen vegetables other than potatoes and other tubers,2.49,FOOD AND NON-ALCOHOLIC BEVERAGES,Alphamega
2026-02-20,Kean Mango & Pomegranate Nectar Juice 1 L,Fruit and vegetable juices,1.65,FOOD AND NON-ALCOHOLIC BEVERAGES,Alphamega
2026-02-20,"Kean Orange, Apple & Carrot Juice 1 L",Fruit and vegetable juices,1.75,FOOD AND NON-ALCOHOLIC BEVERAGES,Alphamega
2026-02-20,Kean 100% Orange Juice 1 L,Fruit and vegetable juices,1.99,FOOD AND NON-ALCOHOLIC BEVERAGES,Alphamega
2026-02-20,Kean 100% Apple Juice 1 L,Fruit and vegetable juices,1.75,FOOD AND NON-ALCOHOLIC BEVERAGES,Alphamega
2026-02-20,Lanitis Pure Apple Juice 1 L,Fruit and vegetable juices,1.65,FOOD AND NON-ALCOHOLIC BEVERAGES,Alphamega
2026-02-20,"Lanitis Orange, Apricot, and Apple Juice Fruit Drink 1 L",Fruit and vegetable juices,1.65,FOOD AND NON-ALCOHOLIC BEVERAGES,Alphamega
2026-02-20,Keanita Orange Fruit Drink 9x250 ml,Fruit and vegetable juices,3.99,FOOD AND NON-ALCOHOLIC BEVERAGES,Alphamega
2026-02-20,Life 100% Natural Juice With Orange 1 L,Fruit and vegetable juices,3.39,FOOD AND NON-ALCOHOLIC BEVERAGES,Alphamega
2026-02-20,Kean Pomilori Classic Tomato Juice Slightly Concentrated 250 ml,Fruit and vegetable juices,0.65,FOOD AND NON-ALCOHOLIC BEVERAGES,Alphamega
2026-02-20,Sws Tomato Juice 4x175 ml,Fruit and vegetable juices,2.35,FOOD AND NON-ALCOHOLIC BEVERAGES,Alphamega
2026-02-20,DF Tahini 250 g,"Jams, marmalades and honey",2.10,FOOD AND NON-ALCOHOLIC BEVERAGES,Alphamega
2026-02-20,Nutella Hazelnut Spread 200 g,"Jams, marmalades and honey",2.99,FOOD AND NON-ALCOHOLIC BEVERAGES,Alphamega
2026-02-20,Calve Smooth Peanut Butter 350 g,"Jams, marmalades and honey",2.75,FOOD AND NON-ALCOHOLIC BEVERAGES,Alphamega
2026-02-20,Nikis Orange Jam 350 g,"Jams, marmalades and honey",2.39,FOOD AND NON-ALCOHOLIC BEVERAGES,Alphamega
2026-02-20,Blossom Portion Jams 6x30 g,"Jams, marmalades and honey",1.35,FOOD AND NON-ALCOHOLIC BEVERAGES,Alphamega
2026-02-20,Oros Maxaira Blossom Honey 480 g,"Jams, marmalades and honey",5.95,FOOD AND NON-ALCOHOLIC BEVERAGES,Alphamega
2026-02-20,Alphamega Honey 475 g,"Jams, marmalades and honey",3.19,FOOD AND NON-ALCOHOLIC BEVERAGES,Alphamega
2026-02-20,To Tziverti Local Wildflowers Honey 485 g,"Jams, marmalades and honey",5.29,FOOD AND NON-ALCOHOLIC BEVERAGES,Alphamega
2026-02-20,Heineken Beer 5% 6x330 ml,Lager beer,5.35,ALCOHOLIC BEVERAGES AND TOBACCO,Alphamega
2026-02-20,Keo Beer 4.5% 6x330 ml,Lager beer,5.95,ALCOHOLIC BEVERAGES AND TOBACCO,Alphamega
2026-02-20,Corona Extra Beer 4.5% 6x330 ml,Lager beer,6.95,ALCOHOLIC BEVERAGES AND TOBACCO,Alphamega
2026-02-20,Keo Beer 4.5% 8x330 ml,Lager beer,5.99,ALCOHOLIC BEVERAGES AND TOBACCO,Alphamega
2026-02-20,Stella Artois Beer 5% 6x330 ml,Lager beer,5.99,ALCOHOLIC BEVERAGES AND TOBACCO,Alphamega
2026-02-20,Carlsberg Beer 3.8% 500 ml,Lager beer,1.10,ALCOHOLIC BEVERAGES AND TOBACCO,Alphamega
2026-02-20,Alphamega Pre Packed Lamb for Souvla 1500 g,Lamb and goat,20.24,FOOD AND NON-ALCOHOLIC BEVERAGES,Alphamega
2026-02-20,Charalambides Christis Charalambides Fresh Delact Milk 1.5% Fat 1 L,Low fat milk,1.69,FOOD AND NON-ALCOHOLIC BEVERAGES,Alphamega
2026-02-20,Charalambides Christis Charalambides Fresh Milk 1.5% Fat 1 L,Low fat milk,1.49,FOOD AND NON-ALCOHOLIC BEVERAGES,Alphamega
2026-02-20,Charalambides Christis Charalambides Fresh Milk 1.5% Fat 1.5 L,Low fat milk,2.25,FOOD AND NON-ALCOHOLIC BEVERAGES,Alphamega
2026-02-20,Charalambides Christis Charalambides Fresh Milk 1.5% Fat 2 L,Low fat milk,2.85,FOOD AND NON-ALCOHOLIC BEVERAGES,Alphamega
2026-02-20,Lanitis Fresh Milk Semi-Skimmed 1.5% Fat 2 L,Low fat milk,2.89,FOOD AND NON-ALCOHOLIC BEVERAGES,Alphamega
2026-02-20,Lanitis Fresh Milk Semi-Skimmed 1.5% Fat 1.5 L,Low fat milk,2.25,FOOD AND NON-ALCOHOLIC BEVERAGES,Alphamega
2026-02-20,Becel Pro Activ Margarine with Olive Oil 250 g,Margarine and other vegetable fats,3.35,FOOD AND NON-ALCOHOLIC BEVERAGES,Alphamega
2026-02-20,Charalambides Christis Margarine Light 500 g,Margarine and other vegetable fats,2.69,FOOD AND NON-ALCOHOLIC BEVERAGES,Alphamega
2026-02-20,Charalambides Christis Margarine Original 500 g,Margarine and other vegetable fats,2.69,FOOD AND NON-ALCOHOLIC BEVERAGES,Alphamega
2026-02-20,Vitalite Margarine Original 500 g,Margarine and other vegetable fats,3.30,FOOD AND NON-ALCOHOLIC BEVERAGES,Alphamega
2026-02-20,Flora Original Margarine 450 g,Margarine and other vegetable fats,2.29,FOOD AND NON-ALCOHOLIC BEVERAGES,Alphamega
2026-02-20,Flora Margarine Light 450 g,Margarine and other vegetable fats,2.29,FOOD AND NON-ALCOHOLIC BEVERAGES,Alphamega
2026-02-20,Zagori Natural Mineral Water 6x1.5 L,Mineral or spring waters,1.99,FOOD AND NON-ALCOHOLIC BEVERAGES,Alphamega
2026-02-20,Zagori Natural Mineral Water 12x500 ml,Mineral or spring waters,2.69,FOOD AND NON-ALCOHOLIC BEVERAGES,Alphamega
2026-02-20,Saint Nicholas Natural Mineral Water 6x1.5 L,Mineral or spring waters,2.39,FOOD AND NON-ALCOHOLIC BEVERAGES,Alphamega
2026-02-20,Saint Nicholas Natural Mineral Water 12x500 ml,Mineral or spring waters,2.99,FOOD AND NON-ALCOHOLIC BEVERAGES,Alphamega
2026-02-20,Kykkos Natural Mineral Water 6x1.5 L,Mineral or spring waters,2.45,FOOD AND NON-ALCOHOLIC BEVERAGES,Alphamega
2026-02-20,Kykkos Natural Mineral Water 12x500 ml,Mineral or spring waters,2.99,FOOD AND NON-ALCOHOLIC BEVERAGES,Alphamega
2026-02-20,Tefal Easy Cook & Clean Frypan 20 cm,Non-electric kitchen utensils and articles,21.95,"FURNISHING, HOUSEHOLD EQUIPMENT AND SUPPLIES ",Alphamega
2026-02-20,Venus Houseware Stainless Steel Baking Pan18/C 30 cm,Non-electric kitchen utensils and articles,9.95,"FURNISHING, HOUSEHOLD EQUIPMENT AND SUPPLIES ",Alphamega
2026-02-20,Jay Cutlery Table Spoon 6 Pieces,Non-electric kitchen utensils and articles,7.29,"FURNISHING, HOUSEHOLD EQUIPMENT AND SUPPLIES ",Alphamega
2026-02-20,Studio House Domus Marble Non-Stick Coating Frypan 24 cm,Non-electric kitchen utensils and articles,19.95,"FURNISHING, HOUSEHOLD EQUIPMENT AND SUPPLIES ",Alphamega
2026-02-20,Jordan Medium Toothbrush 1 Piece,Non-electrical appliances,2.15,MISCELLANEOUS GOODS AND SERVICES,Alphamega
2026-02-20,Sensodyne Multicare Toothbrush,Non-electrical appliances,3.50,MISCELLANEOUS GOODS AND SERVICES,Alphamega
2026-02-20,Colgate Pro Gum Health Dental Floss 50 m,Non-electrical appliances,2.69,MISCELLANEOUS GOODS AND SERVICES,Alphamega
2026-02-20,Oral-B Dental Floss with Wax 50 m,Non-electrical appliances,2.79,MISCELLANEOUS GOODS AND SERVICES,Alphamega
2026-02-20,Alphamega Extra Virgin Olive Oil 1 L,Olive oil,8.99,FOOD AND NON-ALCOHOLIC BEVERAGES,Alphamega
2026-02-20,Alphamega Extra Virgin Olive Oil 1 L,Olive oil,8.49,FOOD AND NON-ALCOHOLIC BEVERAGES,Alphamega
2026-02-20,Saint George Cyprus Extra Virgin Olive Oil 1L,Olive oil,6.95,FOOD AND NON-ALCOHOLIC BEVERAGES,Alphamega
2026-02-20,Eliohori Extra Virgin Olive Oil 1 L,Olive oil,9.99,FOOD AND NON-ALCOHOLIC BEVERAGES,Alphamega
2026-02-20,Traditional Olive Pie 145 g,Other bakery products,2.10,FOOD AND NON-ALCOHOLIC BEVERAGES,Alphamega
2026-02-20,Elenas Whole Wheat Crisp Rolls 400 g,Other bakery products,3.09,FOOD AND NON-ALCOHOLIC BEVERAGES,Alphamega
2026-02-20,Elite Classic Wheat Rusks 250 g,Other bakery products,1.65,FOOD AND NON-ALCOHOLIC BEVERAGES,Alphamega
2026-02-20,The Three Bakers Pitta Satzis with Honey 170 g,Other bakery products,1.59,FOOD AND NON-ALCOHOLIC BEVERAGES,Alphamega
2026-02-20,Artozym 5 Traditional Cyprus Pitta Bread 550 g,Other bakery products,1.79,FOOD AND NON-ALCOHOLIC BEVERAGES,Alphamega
2026-02-20,Bakandy's Crisp Rolls With Rye 250 g,Other bakery products,2.49,FOOD AND NON-ALCOHOLIC BEVERAGES,Alphamega
2026-02-20,Almond Croissant 140 g,Other bakery products,1.19,FOOD AND NON-ALCOHOLIC BEVERAGES,Alphamega
2026-02-20,Traditional Sausage Roll 160 g,Other bakery products,1.39,FOOD AND NON-ALCOHOLIC BEVERAGES,Alphamega
2026-02-20,Johnsof Double Baked Wheat Croutons 320 g,Other bakery products,2.25,FOOD AND NON-ALCOHOLIC BEVERAGES,Alphamega
2026-02-20,Sweet Vanilla Marble Cake 1 kg,Other bakery products,7.99,FOOD AND NON-ALCOHOLIC BEVERAGES,Alphamega
2026-02-20,Green Mama Golden Flaxseed 200 g,Other cereal products,1.85,FOOD AND NON-ALCOHOLIC BEVERAGES,Alphamega
2026-02-20,Lisko Raw Chia Seeds 400 g,Other cereal products,3.99,FOOD AND NON-ALCOHOLIC BEVERAGES,Alphamega
2026-02-20,Agia Skepi Organic Buckwheat Seeds 500 g,Other cereal products,2.95,FOOD AND NON-ALCOHOLIC BEVERAGES,Alphamega
2026-02-20,Agia Skepi Organic Quinoa White 500 g,Other cereal products,5.45,FOOD AND NON-ALCOHOLIC BEVERAGES,Alphamega
2026-02-20,Ambrosia Corn Oil 1 L,Other edible oils,4.59,FOOD AND NON-ALCOHOLIC BEVERAGES,Alphamega
2026-02-20,Ambrosia Sunflower Oil 2 L,Other edible oils,4.65,FOOD AND NON-ALCOHOLIC BEVERAGES,Alphamega
2026-02-20,Huilor Rapeseed Oil 3L,Other edible oils,7.49,FOOD AND NON-ALCOHOLIC BEVERAGES,Alphamega
2026-02-20,Lesieur Sunflower Oil 3 L,Other edible oils,6.50,FOOD AND NON-ALCOHOLIC BEVERAGES,Alphamega
2026-02-20,Ambrosia Soyabean Oil 1L,Other edible oils,2.99,FOOD AND NON-ALCOHOLIC BEVERAGES,Alphamega
2026-02-20,Papadopoulou Chocolate Filled Biscuits 200 g,Other food products n.e.c.,1.19,FOOD AND NON-ALCOHOLIC BEVERAGES,Alphamega
2026-02-20,Heinz Cream of Mushroom Soup 400 g,Other food products n.e.c.,2.49,FOOD AND NON-ALCOHOLIC BEVERAGES,Alphamega
2026-02-20,Heinz Cream of Tomato Soup 400 g,Other food products n.e.c.,2.49,FOOD AND NON-ALCOHOLIC BEVERAGES,Alphamega
2026-02-20,Kinder Milk Chocolates 4 Pieces 50 g,Other food products n.e.c.,1.09,FOOD AND NON-ALCOHOLIC BEVERAGES,Alphamega
2026-02-20,Frou Frou Morning Coffee Biscuits 150 g,Other food products n.e.c.,1.19,FOOD AND NON-ALCOHOLIC BEVERAGES,Alphamega
2026-02-20,Oreo Original Chocolate Flavour Biscuits With A Vanilla Flavour Filling 154 g,Other food products n.e.c.,0.99,FOOD AND NON-ALCOHOLIC BEVERAGES,Alphamega
2026-02-20,Lotus Biscoff The Original Caramelized Biscuit 250 g,Other food products n.e.c.,1.75,FOOD AND NON-ALCOHOLIC BEVERAGES,Alphamega
2026-02-20,Karla Corned Beef 340 g,Other meat preparations,3.59,FOOD AND NON-ALCOHOLIC BEVERAGES,Alphamega
2026-02-20,Zwan Chicken Luncheon Meat 200 g,Other meat preparations,1.99,FOOD AND NON-ALCOHOLIC BEVERAGES,Alphamega
2026-02-20,Zwan Chopped Ham & Pork 200 g,Other meat preparations,3.10,FOOD AND NON-ALCOHOLIC BEVERAGES,Alphamega
2026-02-20,Zwan Luncheon Meat 200 g,Other meat preparations,2.10,FOOD AND NON-ALCOHOLIC BEVERAGES,Alphamega
2026-02-20,Tulip Luncheon Meat 200 g,Other meat preparations,2.65,FOOD AND NON-ALCOHOLIC BEVERAGES,Alphamega
2026-02-20,Tulip Chopped Ham 200 g,Other meat preparations,2.79,FOOD AND NON-ALCOHOLIC BEVERAGES,Alphamega
2026-02-20,Grigoriou Traditional Cyprus Thin Sausages 250 g,Other meats,2.99,FOOD AND NON-ALCOHOLIC BEVERAGES,Alphamega
2026-02-20,Alphamega Pork Sheftalies 850 g,Other meats,5.52,FOOD AND NON-ALCOHOLIC BEVERAGES,Alphamega
2026-02-20,Alphamega Pastourmas 280 g,Other meats,2.69,FOOD AND NON-ALCOHOLIC BEVERAGES,Alphamega
2026-02-20,Nounou Evaporated Milk in Capsules 10X15 g,Other milk products,1.35,FOOD AND NON-ALCOHOLIC BEVERAGES,Alphamega
2026-02-20,Nounou Light Evaporated Milk 10x15 g,Other milk products,1.35,FOOD AND NON-ALCOHOLIC BEVERAGES,Alphamega
2026-02-20,Nounou Sweet Condensed Milk 397 g,Other milk products,1.79,FOOD AND NON-ALCOHOLIC BEVERAGES,Alphamega
2026-02-20,Nounou Evaporated Milk 400 g,Other milk products,1.25,FOOD AND NON-ALCOHOLIC BEVERAGES,Alphamega
2026-02-20,AB Sweetened Condensed Milk for Desserts 397 g,Other milk products,1.69,FOOD AND NON-ALCOHOLIC BEVERAGES,Alphamega
2026-02-20,Charalambides Christis Whipping Cream 35% Fat 250 ml,Other milk products,2.49,FOOD AND NON-ALCOHOLIC BEVERAGES,Alphamega
2026-02-20,Sevyco White Tuna in Water 4x95 g,Other preserved or processed fish and seafood-based preparations,3.69,FOOD AND NON-ALCOHOLIC BEVERAGES,Alphamega
2026-02-20,Sevyco Rose Tuna in Water 4x95 g,Other preserved or processed fish and seafood-based preparations,3.35,FOOD AND NON-ALCOHOLIC BEVERAGES,Alphamega
2026-02-20,Rio Mare Tuna in Olive Oil 2x160 g,Other preserved or processed fish and seafood-based preparations,4.65,FOOD AND NON-ALCOHOLIC BEVERAGES,Alphamega
2026-02-20,Rio Mare Tuna in Water 2x160 g,Other preserved or processed fish and seafood-based preparations,4.65,FOOD AND NON-ALCOHOLIC BEVERAGES,Alphamega
2026-02-20,Trata Τόνος σε Ελαιόλαδο 2x140 g,Other preserved or processed fish and seafood-based preparations,4.99,FOOD AND NON-ALCOHOLIC BEVERAGES,Alphamega
2026-02-20,Trata Wild Tuna in Water 2x160 g,Other preserved or processed fish and seafood-based preparations,4.39,FOOD AND NON-ALCOHOLIC BEVERAGES,Alphamega
2026-02-20,Mitsides Traditional Cyprus Macaroni 500 g,Pasta products and couscous,1.29,FOOD AND NON-ALCOHOLIC BEVERAGES,Alphamega
2026-02-20,Mitsides Spaghetti 500 g,Pasta products and couscous,1.35,FOOD AND NON-ALCOHOLIC BEVERAGES,Alphamega
2026-02-20,Mitsides Orzo 500 g,Pasta products and couscous,1.49,FOOD AND NON-ALCOHOLIC BEVERAGES,Alphamega
2026-02-20,Mitsides Pasta Mezzani 'A' 500 g,Pasta products and couscous,1.19,FOOD AND NON-ALCOHOLIC BEVERAGES,Alphamega
2026-02-20,Melissa Whole Wheat Spaghetti No6 500 g,Pasta products and couscous,1.39,FOOD AND NON-ALCOHOLIC BEVERAGES,Alphamega
2026-02-20,Melissa Orzo Medio Whole Wheat 500 g,Pasta products and couscous,1.39,FOOD AND NON-ALCOHOLIC BEVERAGES,Alphamega
2026-02-20,Barilla Spaghetti No. 5 500 g,Pasta products and couscous,1.10,FOOD AND NON-ALCOHOLIC BEVERAGES,Alphamega
2026-02-20,La Molisana Spaghetti No.1 500 g,Pasta products and couscous,1.39,FOOD AND NON-ALCOHOLIC BEVERAGES,Alphamega
2026-02-20,Elvive Hydra Hyaluronic Hair Mask 300 ml,Personal grooming treatments,6.79,MISCELLANEOUS GOODS AND SERVICES,Alphamega
2026-02-20,Syoss Oleo Intense Permanent Oil Color Intense Black 1-10 115 ml,Personal grooming treatments,4.99,MISCELLANEOUS GOODS AND SERVICES,Alphamega
2026-02-20,Syoss Curl Mousse 3in1 Style Care Hold 250 ml,Personal grooming treatments,4.65,MISCELLANEOUS GOODS AND SERVICES,Alphamega
2026-02-20,Wella Blondor Gel 1+3 Bleaching Gel 10 g,Personal grooming treatments,1.95,MISCELLANEOUS GOODS AND SERVICES,Alphamega
2026-02-20,Schwarzkopf Taft Super Glue 14 Styling Gel 150 ml,Personal grooming treatments,2.99,MISCELLANEOUS GOODS AND SERVICES,Alphamega
2026-02-20,L'Oreal Paris Studio Mineral FX Invisi' Gel Hair Gel with Strong Hold 150 ml,Personal grooming treatments,4.49,MISCELLANEOUS GOODS AND SERVICES,Alphamega
2026-02-20,Grigoriou Mini Pizza Special 4 Pieces 620 g,Pizza and quiche,4.99,FOOD AND NON-ALCOHOLIC BEVERAGES,Alphamega
2026-02-20,Grigoriou Pizza Special 490 g,Pizza and quiche,4.59,FOOD AND NON-ALCOHOLIC BEVERAGES,Alphamega
2026-02-20,Grigoriou Pizza Margarita 430 g,Pizza and quiche,3.99,FOOD AND NON-ALCOHOLIC BEVERAGES,Alphamega
2026-02-20,Grigoriou Pizza Jambon-Bacon 460 g,Pizza and quiche,4.19,FOOD AND NON-ALCOHOLIC BEVERAGES,Alphamega
2026-02-20,Alphamega Fresh To Go Pork Souvla Pre Packed 1 kg,Pork,5.15,FOOD AND NON-ALCOHOLIC BEVERAGES,Alphamega
2026-02-20,Alphamega Fresh To Go Pre Packed Pork Mince 800 g,Pork,4.46,FOOD AND NON-ALCOHOLIC BEVERAGES,Alphamega
2026-02-20,Alphamega Fresh To Go Pork Chops Pre Packed 750 g,Pork,4.49,FOOD AND NON-ALCOHOLIC BEVERAGES,Alphamega
2026-02-20,Potatoes 1 kg,Potatoes,0.99,FOOD AND NON-ALCOHOLIC BEVERAGES,Alphamega
2026-02-20,Freezeland French Fries 1 kg,Potatoes,2.99,FOOD AND NON-ALCOHOLIC BEVERAGES,Alphamega
2026-02-20,McCain Mediterranean Potatoes 750 g,Potatoes,3.99,FOOD AND NON-ALCOHOLIC BEVERAGES,Alphamega
2026-02-20,Chicken Farm Fresh Whole Chicken 2 kg,Poultry,7.56,FOOD AND NON-ALCOHOLIC BEVERAGES,Alphamega
2026-02-20,Chicken Farm Chicken Breast Fillet 800 g,Poultry,6.38,FOOD AND NON-ALCOHOLIC BEVERAGES,Alphamega
2026-02-20,Chicken Farm Chicken Thighs 600 g,Poultry,4.79,FOOD AND NON-ALCOHOLIC BEVERAGES,Alphamega
2026-02-20,Oatly Oat Drink Barista Edition 1 L,Preserved milk,2.59,FOOD AND NON-ALCOHOLIC BEVERAGES,Alphamega
2026-02-20,Koko Plant Based Coconut Drink Original 1 L,Preserved milk,2.09,FOOD AND NON-ALCOHOLIC BEVERAGES,Alphamega
2026-02-20,Milko Chocolate Drink 250 ml,Preserved milk,1.09,FOOD AND NON-ALCOHOLIC BEVERAGES,Alphamega
2026-02-20,Evexia Goat's Milk Kefir 500 ml,Preserved milk,2.10,FOOD AND NON-ALCOHOLIC BEVERAGES,Alphamega
2026-02-20,Whiskas Compete Wet Cat Food Fish Favourites Salmon & Tuna in Jelly 1+ 4x85 g,Products for pets,1.99,RECREATION AND CULTURE,Alphamega
2026-02-20,Whiskas Complete Adult Wet Cat Food Beef & Chicken Gravy Sause 4x85 g,Products for pets,1.99,RECREATION AND CULTURE,Alphamega
2026-02-20,3A Parrot Seeds Mixture 800 g,Products for pets,1.99,RECREATION AND CULTURE,Alphamega
2026-02-20,Pedigree Biscrok Complementary Pet Food for Adult Dogs 500 g,Products for pets,2.99,RECREATION AND CULTURE,Alphamega
2026-02-20,Cesar Complete Liquid Food for Adult Dogs with Tender Chicken 150 g,Products for pets,1.49,RECREATION AND CULTURE,Alphamega
2026-02-20,Mpesamel Pastitsio 500 g,Ready-made meals,4.75,FOOD AND NON-ALCOHOLIC BEVERAGES,Alphamega
2026-02-20,Edesma 4 Veggie Burgers 380 g,Ready-made meals,4.65,FOOD AND NON-ALCOHOLIC BEVERAGES,Alphamega
2026-02-20,Maheso Spinach Cannelloni 300 g,Ready-made meals,2.95,FOOD AND NON-ALCOHOLIC BEVERAGES,Alphamega
2026-02-20,Maheso Gluten Free Pork & Cheese Lasagna Bolognese 525 g,Ready-made meals,5.95,FOOD AND NON-ALCOHOLIC BEVERAGES,Alphamega
2026-02-20,Lisko Bulgur Wheat 500 g,Rice,1.49,FOOD AND NON-ALCOHOLIC BEVERAGES,Alphamega
2026-02-20,Kepola Bulgur For Pilaf Whole Wheat 500 g,Rice,1.70,FOOD AND NON-ALCOHOLIC BEVERAGES,Alphamega
2026-02-20,Kepola Bulgur Wheat 500 g,Rice,1.79,FOOD AND NON-ALCOHOLIC BEVERAGES,Alphamega
2026-02-20,Mitsides Bulgur Wheat 500 g,Rice,1.99,FOOD AND NON-ALCOHOLIC BEVERAGES,Alphamega
2026-02-20,Mitsides Bulgur Wheat 1 kg,Rice,3.50,FOOD AND NON-ALCOHOLIC BEVERAGES,Alphamega
2026-02-20,Mitsides Basmati Rice 1 kg,Rice,4.49,FOOD AND NON-ALCOHOLIC BEVERAGES,Alphamega
2026-02-20,3A Parboiled Rice 1 kg,Rice,2.39,FOOD AND NON-ALCOHOLIC BEVERAGES,Alphamega
2026-02-20,3A Basmati Rice 1 kg,Rice,2.95,FOOD AND NON-ALCOHOLIC BEVERAGES,Alphamega
2026-02-20,Tilda Basmati Rice 1 kg,Rice,4.95,FOOD AND NON-ALCOHOLIC BEVERAGES,Alphamega
2026-02-20,Ben's Original Long Grain Rice Parboiled Ready in 10 Minutes 1 kg,Rice,3.95,FOOD AND NON-ALCOHOLIC BEVERAGES,Alphamega
2026-02-20,Ben's Original Long Grain Rice Parboiled Ready in 20 Minutes 1 kg,Rice,3.95,FOOD AND NON-ALCOHOLIC BEVERAGES,Alphamega
2026-02-20,Carnation Spices Ground Cinammon 40 g,"Salt, spices and culinary herbs",1.39,FOOD AND NON-ALCOHOLIC BEVERAGES,Alphamega
2026-02-20,Carnation Spices Onion Powder 40 g,"Salt, spices and culinary herbs",1.39,FOOD AND NON-ALCOHOLIC BEVERAGES,Alphamega
2026-02-20,Carnation Spices Turmeric 50 g,"Salt, spices and culinary herbs",1.30,FOOD AND NON-ALCOHOLIC BEVERAGES,Alphamega
2026-02-20,Carnation Spices Dill Tips 15 g,"Salt, spices and culinary herbs",1.09,FOOD AND NON-ALCOHOLIC BEVERAGES,Alphamega
2026-02-20,Carnation Spices Garlic Powder 50 g,"Salt, spices and culinary herbs",1.35,FOOD AND NON-ALCOHOLIC BEVERAGES,Alphamega
2026-02-20,Carnation Spices Ground Black Pepper 50 g,"Salt, spices and culinary herbs",1.55,FOOD AND NON-ALCOHOLIC BEVERAGES,Alphamega
2026-02-20,Carnation Spices Mixed Herbs 15 g,"Salt, spices and culinary herbs",0.95,FOOD AND NON-ALCOHOLIC BEVERAGES,Alphamega
2026-02-20,Carnation Spices Thyme 20 g,"Salt, spices and culinary herbs",0.95,FOOD AND NON-ALCOHOLIC BEVERAGES,Alphamega
2026-02-20,Carnation Spices Coriander Powder 35 g,"Salt, spices and culinary herbs",0.95,FOOD AND NON-ALCOHOLIC BEVERAGES,Alphamega
2026-02-20,Carnation Spices Basil 20 g,"Salt, spices and culinary herbs",0.95,FOOD AND NON-ALCOHOLIC BEVERAGES,Alphamega
2026-02-20,Carnation Spices Rosemary 20 g,"Salt, spices and culinary herbs",0.95,FOOD AND NON-ALCOHOLIC BEVERAGES,Alphamega
2026-02-20,Carnation Spices Sweet Paprika 50 g,"Salt, spices and culinary herbs",1.29,FOOD AND NON-ALCOHOLIC BEVERAGES,Alphamega
2026-02-20,Carnation Spices Oregano 30 g,"Salt, spices and culinary herbs",1.35,FOOD AND NON-ALCOHOLIC BEVERAGES,Alphamega
2026-02-20,Alphamega Table Sea Salt 500 g,"Salt, spices and culinary herbs",0.59,FOOD AND NON-ALCOHOLIC BEVERAGES,Alphamega
2026-02-20,Kyknos Tomato Paste Double Concentration 410 g,"Sauces, condiments",1.65,FOOD AND NON-ALCOHOLIC BEVERAGES,Alphamega
2026-02-20,Blossom Tomato Paste 4x70 g,"Sauces, condiments",2.19,FOOD AND NON-ALCOHOLIC BEVERAGES,Alphamega
2026-02-20,Kean Pomilori Sieved Tomatoes 690 g,"Sauces, condiments",1.99,FOOD AND NON-ALCOHOLIC BEVERAGES,Alphamega
2026-02-20,Knorr Chicken Stock Cubes 120 g,"Sauces, condiments",1.15,FOOD AND NON-ALCOHOLIC BEVERAGES,Alphamega
2026-02-20,Mitsides Tomato Paste 4x70 g,"Sauces, condiments",1.99,FOOD AND NON-ALCOHOLIC BEVERAGES,Alphamega
2026-02-20,Maggi Chicken Bouillon 132 g,"Sauces, condiments",1.65,FOOD AND NON-ALCOHOLIC BEVERAGES,Alphamega
2026-02-20,Knorr Vegetable Stock Cubes 120 g,"Sauces, condiments",1.59,FOOD AND NON-ALCOHOLIC BEVERAGES,Alphamega
2026-02-20,Maggi Bouillon Pasta 132 g,"Sauces, condiments",2.15,FOOD AND NON-ALCOHOLIC BEVERAGES,Alphamega
2026-02-20,Maggi Vegetable Bouillon 132 g,"Sauces, condiments",2.19,FOOD AND NON-ALCOHOLIC BEVERAGES,Alphamega
2026-02-20,Mitsides Passata 3x200 g,"Sauces, condiments",1.29,FOOD AND NON-ALCOHOLIC BEVERAGES,Alphamega
2026-02-20,Pelargos Slightly concentrated Tomato Juice 3x250 g,"Sauces, condiments",1.29,FOOD AND NON-ALCOHOLIC BEVERAGES,Alphamega
2026-02-20,Coca Cola Original Taste 8x330 ml,Soft drinks,5.30,FOOD AND NON-ALCOHOLIC BEVERAGES,Alphamega
2026-02-20,Coca Cola Zero Sugar 8x330 ml,Soft drinks,5.30,FOOD AND NON-ALCOHOLIC BEVERAGES,Alphamega
2026-02-20,Schweppes Soda Water 6x330 ml,Soft drinks,3.79,FOOD AND NON-ALCOHOLIC BEVERAGES,Alphamega
2026-02-20,Fanta Orange 6x330 ml,Soft drinks,3.99,FOOD AND NON-ALCOHOLIC BEVERAGES,Alphamega
2026-02-20,Schweppes Pink Grapefruit 6x330 ml,Soft drinks,4.49,FOOD AND NON-ALCOHOLIC BEVERAGES,Alphamega
2026-02-20,Sprite Lemon-Lime 6x330 ml,Soft drinks,3.20,FOOD AND NON-ALCOHOLIC BEVERAGES,Alphamega
2026-02-20,7UP Soft Drink 8x330 ml,Soft drinks,4.60,FOOD AND NON-ALCOHOLIC BEVERAGES,Alphamega
2026-02-20,7up Soft Drink With Zero Sugar 8x330 ml,Soft drinks,4.60,FOOD AND NON-ALCOHOLIC BEVERAGES,Alphamega
2026-02-20,Pepsi Soft Drink 8x330 ml,Soft drinks,4.20,FOOD AND NON-ALCOHOLIC BEVERAGES,Alphamega
2026-02-20,Gordon's Premium Pink Gin 37.5% 700 ml,Spirits and liqueurs,12.95,ALCOHOLIC BEVERAGES AND TOBACCO,Alphamega
2026-02-20,Keo VSOP Brandy 38% 1 L,Spirits and liqueurs,10.50,ALCOHOLIC BEVERAGES AND TOBACCO,Alphamega
2026-02-20,Malibu Caribbean Rum with Coconut 21%700 ml,Spirits and liqueurs,14.95,ALCOHOLIC BEVERAGES AND TOBACCO,Alphamega
2026-02-20,Jose Cuervo Especial Gold Tequila 38% 700 ml,Spirits and liqueurs,15.50,ALCOHOLIC BEVERAGES AND TOBACCO,Alphamega
2026-02-20,Baileys The Original Irish Cream Liqueur 17% 700 ml,Spirits and liqueurs,13.95,ALCOHOLIC BEVERAGES AND TOBACCO,Alphamega
2026-02-20,Alphamega White Crystal Sugar 1 kg,Sugar,0.99,FOOD AND NON-ALCOHOLIC BEVERAGES,Alphamega
2026-02-20,G.Charalambous Icing Sugar 500 g,Sugar,1.49,FOOD AND NON-ALCOHOLIC BEVERAGES,Alphamega
2026-02-20,3A Demerara Brown Sugar 700 g,Sugar,1.99,FOOD AND NON-ALCOHOLIC BEVERAGES,Alphamega
2026-02-20,Natural Life Tea Chamomile Tea 20x1.0 g,Tea,1.79,FOOD AND NON-ALCOHOLIC BEVERAGES,Alphamega
2026-02-20,Ahmad Tea Green Tea 25 Tea Bags 50 g,Tea,1.65,FOOD AND NON-ALCOHOLIC BEVERAGES,Alphamega
2026-02-20,Ahmad Tea English Breakfast Tea 20 Tea Bags 40g,Tea,1.49,FOOD AND NON-ALCOHOLIC BEVERAGES,Alphamega
2026-02-20,Lipton Yellow Label Tea 20 Sachets 30 g,Tea,1.10,FOOD AND NON-ALCOHOLIC BEVERAGES,Alphamega
2026-02-20,Lanitis Fresh Milk 3% Fat 2 L,Whole milk,2.89,FOOD AND NON-ALCOHOLIC BEVERAGES,Alphamega
2026-02-20,Charalambides Christis Charalambides Fresh Milk 3% Fat 2 L,Whole milk,2.85,FOOD AND NON-ALCOHOLIC BEVERAGES,Alphamega
2026-02-20,Mateus Rose Wine 750 ml,Wine from grapes,4.95,ALCOHOLIC BEVERAGES AND TOBACCO,Alphamega
2026-02-20,Keo White Dry Wine 1 L,Wine from grapes,2.35,ALCOHOLIC BEVERAGES AND TOBACCO,Alphamega
2026-02-20,Keo Red Dry Wine 1 L,Wine from grapes,2.35,ALCOHOLIC BEVERAGES AND TOBACCO,Alphamega
2026-02-20,Charalambides Christis Yoghurt Straggato Authentic 1 kg,Yoghurt,3.99,FOOD AND NON-ALCOHOLIC BEVERAGES,Alphamega
2026-02-20,Charalambides Christis Yoghurt Straggato Light 1 kg,Yoghurt,3.99,FOOD AND NON-ALCOHOLIC BEVERAGES,Alphamega
2026-02-20,Alambra Traditional Sheep's Yoghurt 700 g,Yoghurt,2.69,FOOD AND NON-ALCOHOLIC BEVERAGES,Alphamega
2026-02-20,Zita Super Strained Yoghurt 1 kg,Yoghurt,3.85,FOOD AND NON-ALCOHOLIC BEVERAGES,Alphamega
2026-02-20,Zita Super Strained Light Yoghurt 1 kg,Yoghurt,3.85,FOOD AND NON-ALCOHOLIC BEVERAGES,Alphamega
